Results_Name,Projection
Results_Timestamp,1736594365
Results_Date,1,11,2025
Results_Time,19,19,25
Area,1.772221941722419009e-02
Comp_Areas,1.772221941722419009e-02
Comp_IDs,HMNDPVTJFN
Comp_Names,WingGeom
Direction,1.000000000000000000e+00,0.000000000000000000e+00,0.000000000000000000e+00
Mesh_GeomID,YHKMVWWAVY
Path,4.694617742397677596e+00,-8.828599461679140781e-01,-1.583417561887168201e+00,4.694617742397677596e+00,-8.003860292381910213e-01,-1.431063361347172824e+00,4.694617742397677596e+00,-7.179120961682781132e-01,-1.278709152737082633e+00,4.694617742397677596e+00,-6.354381630983652052e-01,-1.126354952197087256e+00,4.694617742397677596e+00,-6.354381630983652052e-01,-1.081116485579135755e+00,4.694617742397677596e+00,-8.003860292381910213e-01,-1.387634444046464743e+00,4.694617742397677596e+00,-8.828599461679140781e-01,-1.540893407139939164e+00,4.694617742397677596e+00,-1.047807812307739894e+00,-1.847411365607268152e+00,4.694617742397677596e+00,-1.047807812307739894e+00,-1.888125979107348584e+00,4.694617742397677596e+00,-8.828599461679140781e-01,-1.583417561887168201e+00
Planar_Path,4.694617742397677596e+00,-8.828599461679140781e-01,-1.583417561887168201e+00,4.694617742397677596e+00,-8.003860292381910213e-01,-1.431063361347172824e+00,4.694617742397677596e+00,-7.179120961682781132e-01,-1.278709152737082633e+00,4.694617742397677596e+00,-6.354381630983652052e-01,-1.126354952197087256e+00,4.694617742397677596e+00,-6.354381630983652052e-01,-1.081116485579135755e+00,4.694617742397677596e+00,-8.003860292381910213e-01,-1.387634444046464743e+00,4.694617742397677596e+00,-8.828599461679140781e-01,-1.540893407139939164e+00,4.694617742397677596e+00,-1.047807812307739894e+00,-1.847411365607268152e+00,4.694617742397677596e+00,-1.047807812307739894e+00,-1.888125979107348584e+00,4.694617742397677596e+00,-8.828599461679140781e-01,-1.583417561887168201e+00
