Name, Theo_Area, Wet_Area, Theo_Vol, Wet_Vol
FuselageGeom,34.037099,31.648948,14.167326,14.056993
WingGeom,14.970820,12.548236,1.228753,1.099004
WingGeom,15.086232,12.665179,1.228753,1.100761
WingGeom,13.388134,11.654047,1.095600,1.017669
WingGeom,13.438219,11.698506,1.095600,1.017744
WingGeom,0.447719,0.416481,0.002060,0.002045
FuselageGeom,0.688845,0.683436,0.012705,0.012705
WingGeom,0.447719,0.416481,-0.002060,-0.002060
FuselageGeom,0.688845,0.683436,0.012705,0.012705
WingGeom,0.505581,0.479278,0.002334,0.002334
WingGeom,0.505581,0.479278,-0.002334,-0.002361
Totals,94.204795,83.373306,18.841440,18.317540

Tag_Name, Tag_Theo_Area, Tag_Wet_Area
FuselageGeom_S_Surf0,34.037099,31.648948
WingGeom_S_Surf0,14.970820,12.548236
WingGeom_S_Surf0,15.086232,12.665179
WingGeom_S_Surf0,13.388134,11.654047
WingGeom_S_Surf0,13.438219,11.698506
WingGeom_S_Surf0,0.447719,0.416481
FuselageGeom_S_Surf0,0.688845,0.683436
WingGeom_S_Surf0,0.447719,0.416481
FuselageGeom_S_Surf0,0.688845,0.683436
WingGeom_S_Surf0,0.505581,0.479278
WingGeom_S_Surf0,0.505581,0.479278
